<?xml version="1.0" encoding="UTF-8"?>
<metadata xml:lang="en"><Esri><CreaDate>20180710</CreaDate><CreaTime>14504700</CreaTime><ArcGISFormat>1.0</ArcGISFormat><ArcGISstyle>FGDC CSDGM Metadata</ArcGISstyle><SyncOnce>FALSE</SyncOnce><DataProperties><lineage><Process Name="Append (3)" ToolSource="c:\program files (x86)\arcgis\desktop10.4\ArcToolbox\Toolboxes\Data Management Tools.tbx\Append" Date="20170322" Time="114838">Append ConsumerWireline_Layer C:\Users\sikorc\Desktop\WiFixedJun2016Processing1\ConsumerProviderDissolve.gdb\DbpmBbCovConWireline NO_TEST "MapDisplayName "Provider Name" true true false 250 Text 0 0 ,First,#,ConsumerWireline_Layer,MapDisplayName,-1,-1;ConnectionTechType "Connection Type" true true false 100 Text 0 0 ,First,#,ConsumerWireline_Layer,ConnectionTechType,-1,-1;AdvertisedDlSpeed "Advertised Download Speed" true true false 100 Text 0 0 ,First,#,ConsumerWireline_Layer,AdvertisedDlSpeed,-1,-1;AdvertisedUlSpeed "Advertised Upload Speed" true true false 100 Text 0 0 ,First,#,ConsumerWireline_Layer,AdvertisedUlSpeed,-1,-1;CovDataLastUpdated "Coverage Data Last Updated" true true false 50 Text 0 0 ,First,#,ConsumerWireline_Layer,CovDataLastUpdated,-1,-1;CoverageDataSource "Coverage Data Source" true true false 100 Text 0 0 ,First,#,ConsumerWireline_Layer,CoverageDataSource,-1,-1;CafAwardStatus "Within CAF-II Subsidized Area?" true true false 100 Text 0 0 ,First,#,ConsumerWireline_Layer,CafAwardStatus,-1,-1;AcamAwardStatus "Within ACAM Subsidized Area?" true true false 100 Text 0 0 ,First,#,ConsumerWireline_Layer,AcamAwardStatus,-1,-1;ProviderWebsite "Provider Website" true true false 250 Text 0 0 ,First,#,ConsumerWireline_Layer,ProviderWebsite,-1,-1;Disclaimer "Data submitted by provider" true true false 100 Text 0 0 ,First,#,ConsumerWireline_Layer,Disclaimer,-1,-1;ConnectionTechTypeNum "Connection Type Numeric" true true false 4 Long 0 0 ,First,#,ConsumerWireline_Layer,ConnectionTechTypeNum,-1,-1;AdvertisedDlSpeedNum "Advertised Download Speed Numeric" true true false 8 Double 0 0 ,First,#,ConsumerWireline_Layer,AdvertisedDlSpeedNum,-1,-1;AdvertisedUlSpeedNum "Advertised Upload Speed Numeric" true true false 8 Double 0 0 ,First,#,ConsumerWireline_Layer,AdvertisedUlSpeedNum,-1,-1;SHAPE_Length "SHAPE_Length" false true true 8 Double 0 0 ,First,#,ConsumerWireline_Layer,Shape_Length,-1,-1;SHAPE_Area "SHAPE_Area" false true true 8 Double 0 0 ,First,#,ConsumerWireline_Layer,Shape_Area,-1,-1" #</Process><Process Name="Append (3)" ToolSource="c:\program files (x86)\arcgis\desktop10.4\ArcToolbox\Toolboxes\Data Management Tools.tbx\Append" Date="20170322" Time="120812">Append ConsumerWireline_Layer C:\Users\sikorc\Desktop\WiFixedJun2016Processing1\ConsumerProviderDissolve.gdb\DbpmBbCovConWireline NO_TEST "MapDisplayName "Provider Name" true true false 250 Text 0 0 ,First,#,ConsumerWireline_Layer,MapDisplayName,-1,-1;ConnectionTechType "Connection Type" true true false 100 Text 0 0 ,First,#,ConsumerWireline_Layer,ConnectionTechType,-1,-1;AdvertisedDlSpeed "Advertised Download Speed" true true false 100 Text 0 0 ,First,#,ConsumerWireline_Layer,AdvertisedDlSpeed,-1,-1;AdvertisedUlSpeed "Advertised Upload Speed" true true false 100 Text 0 0 ,First,#,ConsumerWireline_Layer,AdvertisedUlSpeed,-1,-1;CovDataLastUpdated "Coverage Data Last Updated" true true false 50 Text 0 0 ,First,#,ConsumerWireline_Layer,CovDataLastUpdated,-1,-1;CoverageDataSource "Coverage Data Source" true true false 100 Text 0 0 ,First,#,ConsumerWireline_Layer,CoverageDataSource,-1,-1;CafAwardStatus "Within CAF-II Subsidized Area?" true true false 100 Text 0 0 ,First,#,ConsumerWireline_Layer,CafAwardStatus,-1,-1;AcamAwardStatus "Within ACAM Subsidized Area?" true true false 100 Text 0 0 ,First,#,ConsumerWireline_Layer,AcamAwardStatus,-1,-1;ProviderWebsite "Provider Website" true true false 250 Text 0 0 ,First,#,ConsumerWireline_Layer,ProviderWebsite,-1,-1;Disclaimer "Data submitted by provider" true true false 100 Text 0 0 ,First,#,ConsumerWireline_Layer,Disclaimer,-1,-1;ConnectionTechTypeNum "Connection Type Numeric" true true false 4 Long 0 0 ,First,#,ConsumerWireline_Layer,ConnectionTechTypeNum,-1,-1;AdvertisedDlSpeedNum "Advertised Download Speed Numeric" true true false 8 Double 0 0 ,First,#,ConsumerWireline_Layer,AdvertisedDlSpeedNum,-1,-1;AdvertisedUlSpeedNum "Advertised Upload Speed Numeric" true true false 8 Double 0 0 ,First,#,ConsumerWireline_Layer,AdvertisedUlSpeedNum,-1,-1;SHAPE_Length "SHAPE_Length" false true true 8 Double 0 0 ,First,#,ConsumerWireline_Layer,Shape_Length,-1,-1;SHAPE_Area "SHAPE_Area" false true true 8 Double 0 0 ,First,#,ConsumerWireline_Layer,Shape_Area,-1,-1" #</Process><Process ToolSource="c:\program files (x86)\arcgis\desktop10.4\ArcToolbox\Toolboxes\Data Management Tools.tbx\DeleteFeatures" Date="20170322" Time="121151">DeleteFeatures C:\Users\sikorc\Desktop\WiFixedJun2016Processing1\ConsumerProviderDissolve.gdb\DbpmBbCovConWireline</Process><Process Name="Append (3)" ToolSource="c:\program files (x86)\arcgis\desktop10.4\ArcToolbox\Toolboxes\Data Management Tools.tbx\Append" Date="20170322" Time="121416">Append ConsumerWireline_Layer C:\Users\sikorc\Desktop\WiFixedJun2016Processing1\ConsumerProviderDissolve.gdb\DbpmBbCovConWireline NO_TEST "MapDisplayName "Provider Name" true true false 250 Text 0 0 ,First,#,ConsumerWireline_Layer,MapDisplayName,-1,-1;ConnectionTechType "Connection Type" true true false 100 Text 0 0 ,First,#,ConsumerWireline_Layer,ConnectionTechType,-1,-1;AdvertisedDlSpeed "Advertised Download Speed" true true false 100 Text 0 0 ,First,#,ConsumerWireline_Layer,AdvertisedDlSpeed,-1,-1;AdvertisedUlSpeed "Advertised Upload Speed" true true false 100 Text 0 0 ,First,#,ConsumerWireline_Layer,AdvertisedUlSpeed,-1,-1;CovDataLastUpdated "Coverage Data Last Updated" true true false 50 Text 0 0 ,First,#,ConsumerWireline_Layer,CovDataLastUpdated,-1,-1;CoverageDataSource "Coverage Data Source" true true false 100 Text 0 0 ,First,#,ConsumerWireline_Layer,CoverageDataSource,-1,-1;CafAwardStatus "Within CAF-II Subsidized Area?" true true false 100 Text 0 0 ,First,#,ConsumerWireline_Layer,CafAwardStatus,-1,-1;AcamAwardStatus "Within ACAM Subsidized Area?" true true false 100 Text 0 0 ,First,#,ConsumerWireline_Layer,AcamAwardStatus,-1,-1;ProviderWebsite "Provider Website" true true false 250 Text 0 0 ,First,#,ConsumerWireline_Layer,ProviderWebsite,-1,-1;Disclaimer "Data submitted by provider" true true false 100 Text 0 0 ,First,#,ConsumerWireline_Layer,Disclaimer,-1,-1;ConnectionTechTypeNum "Connection Type Numeric" true true false 4 Long 0 0 ,First,#,ConsumerWireline_Layer,ConnectionTechTypeNum,-1,-1;AdvertisedDlSpeedNum "Advertised Download Speed Numeric" true true false 8 Double 0 0 ,First,#,ConsumerWireline_Layer,AdvertisedDlSpeedNum,-1,-1;AdvertisedUlSpeedNum "Advertised Upload Speed Numeric" true true false 8 Double 0 0 ,First,#,ConsumerWireline_Layer,AdvertisedUlSpeedNum,-1,-1;SHAPE_Length "SHAPE_Length" false true true 8 Double 0 0 ,First,#,ConsumerWireline_Layer,Shape_Length,-1,-1;SHAPE_Area "SHAPE_Area" false true true 8 Double 0 0 ,First,#,ConsumerWireline_Layer,Shape_Area,-1,-1" #</Process><Process ToolSource="c:\program files (x86)\arcgis\desktop10.4\ArcToolbox\Toolboxes\Data Management Tools.tbx\CalculateField" Date="20170322" Time="123957">CalculateField DbpmBbCovConWireline MapDisplayName "TDS TELECOMMUNICATIONS CORPORATION" VB #</Process><Process ToolSource="c:\program files (x86)\arcgis\desktop10.4\ArcToolbox\Toolboxes\Data Management Tools.tbx\CalculateField" Date="20170322" Time="124056">CalculateField DbpmBbCovConWireline ProviderWebsite "https://tdstelecom.com/" VB #</Process><Process ToolSource="c:\program files (x86)\arcgis\desktop10.4\ArcToolbox\Toolboxes\Data Management Tools.tbx\DeleteFeatures" Date="20170323" Time="151253">DeleteFeatures C:\Users\sikorc\Desktop\WiFixedJun2016Processing1\ConsumerProviderDissolve.gdb\DbpmBbCovConWireline</Process><Process Name="Append (3)" ToolSource="c:\program files (x86)\arcgis\desktop10.4\ArcToolbox\Toolboxes\Data Management Tools.tbx\Append" Date="20170323" Time="151451">Append ConsumerWireline_Layer C:\Users\sikorc\Desktop\WiFixedJun2016Processing1\ConsumerProviderDissolve.gdb\DbpmBbCovConWireline NO_TEST "MapDisplayName "Provider Name" true true false 250 Text 0 0 ,First,#;ConnectionTechType "Connection Type" true true false 100 Text 0 0 ,First,#;AdvertisedDlSpeed "Advertised Download Speed" true true false 100 Text 0 0 ,First,#;AdvertisedUlSpeed "Advertised Upload Speed" true true false 100 Text 0 0 ,First,#;CovDataLastUpdated "Coverage Data Last Updated" true true false 50 Text 0 0 ,First,#;CoverageDataSource "Coverage Data Source" true true false 100 Text 0 0 ,First,#;CafAwardStatus "Within CAF-II Subsidized Area?" true true false 100 Text 0 0 ,First,#;AcamAwardStatus "Within ACAM Subsidized Area?" true true false 100 Text 0 0 ,First,#;ProviderWebsite "Provider Website" true true false 250 Text 0 0 ,First,#;Disclaimer "Data submitted by provider" true true false 100 Text 0 0 ,First,#;ConnectionTechTypeNum "Connection Type Numeric" true true false 4 Long 0 0 ,First,#;AdvertisedDlSpeedNum "Advertised Download Speed Numeric" true true false 8 Double 0 0 ,First,#;AdvertisedUlSpeedNum "Advertised Upload Speed Numeric" true true false 8 Double 0 0 ,First,#;SHAPE_Length "SHAPE_Length" false true true 8 Double 0 0 ,First,#;SHAPE_Area "SHAPE_Area" false true true 8 Double 0 0 ,First,#" #</Process><Process ToolSource="c:\program files (x86)\arcgis\desktop10.4\ArcToolbox\Toolboxes\Data Management Tools.tbx\DeleteFeatures" Date="20170323" Time="174628">DeleteFeatures C:\Users\sikorc\Desktop\WiFixedJun2016Processing1\ConsumerProviderDissolve.gdb\DbpmBbCovConWireline</Process><Process Name="Append (3)" ToolSource="c:\program files (x86)\arcgis\desktop10.4\ArcToolbox\Toolboxes\Data Management Tools.tbx\Append" Date="20170323" Time="174705">Append ConsumerWireline_Layer C:\Users\sikorc\Desktop\WiFixedJun2016Processing1\ConsumerProviderDissolve.gdb\DbpmBbCovConWireline NO_TEST "MapDisplayName "Provider Name" true true false 250 Text 0 0 ,First,#,ConsumerWireline_Layer,ConsumerWireline.MapDisplayName,-1,-1;ConnectionTechType "Connection Type" true true false 100 Text 0 0 ,First,#,ConsumerWireline_Layer,ConsumerWireline.ConnectionTechType,-1,-1;AdvertisedDlSpeed "Advertised Download Speed" true true false 100 Text 0 0 ,First,#,ConsumerWireline_Layer,ConsumerWireline.AdvertisedDlSpeed,-1,-1;AdvertisedUlSpeed "Advertised Upload Speed" true true false 100 Text 0 0 ,First,#,ConsumerWireline_Layer,ConsumerWireline.AdvertisedUlSpeed,-1,-1;CovDataLastUpdated "Coverage Data Last Updated" true true false 50 Text 0 0 ,First,#,ConsumerWireline_Layer,ConsumerWireline.FIRST_CovDataLastUpdated,-1,-1;CoverageDataSource "Coverage Data Source" true true false 100 Text 0 0 ,First,#,ConsumerWireline_Layer,ConsumerWireline.FIRST_CoverageDataSource,-1,-1;CafAwardStatus "Within CAF-II Subsidized Area?" true true false 100 Text 0 0 ,First,#,ConsumerWireline_Layer,ConsumerWireline.CafAwardStatus,-1,-1;AcamAwardStatus "Within ACAM Subsidized Area?" true true false 100 Text 0 0 ,First,#,ConsumerWireline_Layer,ConsumerWireline.AcamAwardStatus,-1,-1;ProviderWebsite "Provider Website" true true false 250 Text 0 0 ,First,#,ConsumerWireline_Layer,ConsumerWireline.ProviderWebsite,-1,-1;Disclaimer "Data submitted by provider" true true false 100 Text 0 0 ,First,#,ConsumerWireline_Layer,ConsumerWireline.Disclaimer,-1,-1;ConnectionTechTypeNum "Connection Type Numeric" true true false 4 Long 0 0 ,First,#,ConsumerWireline_Layer,ConsumerWireline.ConnectionTechTypeNum,-1,-1;AdvertisedDlSpeedNum "Advertised Download Speed Numeric" true true false 8 Double 0 0 ,First,#,ConsumerWireline_Layer,ConsumerWireline.AdvertisedDlSpeedNum,-1,-1;AdvertisedUlSpeedNum "Advertised Upload Speed Numeric" true true false 8 Double 0 0 ,First,#,ConsumerWireline_Layer,ConsumerWireline.AdvertisedUlSpeedNum,-1,-1;SHAPE_Length "SHAPE_Length" false true true 8 Double 0 0 ,First,#;SHAPE_Area "SHAPE_Area" false true true 8 Double 0 0 ,First,#" #</Process><Process ToolSource="c:\program files (x86)\arcgis\desktop10.4\ArcToolbox\Toolboxes\Data Management Tools.tbx\DeleteFeatures" Date="20170323" Time="174809">DeleteFeatures C:\Users\sikorc\Desktop\WiFixedJun2016Processing1\ConsumerProviderDissolve.gdb\DbpmBbCovConWireline</Process><Process Name="Append (3)" ToolSource="c:\program files (x86)\arcgis\desktop10.4\ArcToolbox\Toolboxes\Data Management Tools.tbx\Append" Date="20170323" Time="174933">Append ConsumerWireline_Layer C:\Users\sikorc\Desktop\WiFixedJun2016Processing1\ConsumerProviderDissolve.gdb\DbpmBbCovConWireline NO_TEST "MapDisplayName "Provider Name" true true false 250 Text 0 0 ,First,#,ConsumerWireline_Layer,ConsumerWireline.MapDisplayName,-1,-1;ConnectionTechType "Connection Type" true true false 100 Text 0 0 ,First,#,ConsumerWireline_Layer,ConsumerWireline.ConnectionTechType,-1,-1;AdvertisedDlSpeed "Advertised Download Speed" true true false 100 Text 0 0 ,First,#,ConsumerWireline_Layer,ConsumerWireline.AdvertisedDlSpeed,-1,-1;AdvertisedUlSpeed "Advertised Upload Speed" true true false 100 Text 0 0 ,First,#,ConsumerWireline_Layer,ConsumerWireline.AdvertisedUlSpeed,-1,-1;CovDataLastUpdated "Coverage Data Last Updated" true true false 50 Text 0 0 ,First,#,ConsumerWireline_Layer,ConsumerWireline.FIRST_CovDataLastUpdated,-1,-1;CoverageDataSource "Coverage Data Source" true true false 100 Text 0 0 ,First,#,ConsumerWireline_Layer,ConsumerWireline.FIRST_CoverageDataSource,-1,-1;CafAwardStatus "Within CAF-II Subsidized Area?" true true false 100 Text 0 0 ,First,#,ConsumerWireline_Layer,ConsumerWireline.CafAwardStatus,-1,-1;AcamAwardStatus "Within ACAM Subsidized Area?" true true false 100 Text 0 0 ,First,#,ConsumerWireline_Layer,ConsumerWireline.AcamAwardStatus,-1,-1;ProviderWebsite "Provider Website" true true false 250 Text 0 0 ,First,#,ConsumerWireline_Layer,ConsumerWireline.ProviderWebsite,-1,-1;Disclaimer "Data submitted by provider" true true false 100 Text 0 0 ,First,#,ConsumerWireline_Layer,ConsumerWireline.Disclaimer,-1,-1;ConnectionTechTypeNum "Connection Type Numeric" true true false 4 Long 0 0 ,First,#,ConsumerWireline_Layer,ConsumerWireline.ConnectionTechTypeNum,-1,-1;AdvertisedDlSpeedNum "Advertised Download Speed Numeric" true true false 8 Double 0 0 ,First,#,ConsumerWireline_Layer,ConsumerWireline.AdvertisedDlSpeedNum,-1,-1;AdvertisedUlSpeedNum "Advertised Upload Speed Numeric" true true false 8 Double 0 0 ,First,#,ConsumerWireline_Layer,ConsumerWireline.AdvertisedUlSpeedNum,-1,-1;SHAPE_Length "SHAPE_Length" false true true 8 Double 0 0 ,First,#;SHAPE_Area "SHAPE_Area" false true true 8 Double 0 0 ,First,#" #</Process><Process ToolSource="c:\program files (x86)\arcgis\desktop10.4\ArcToolbox\Toolboxes\Data Management Tools.tbx\DeleteFeatures" Date="20170323" Time="175122">DeleteFeatures C:\Users\sikorc\Desktop\WiFixedJun2016Processing1\ConsumerProviderDissolve.gdb\DbpmBbCovConWireline</Process><Process Name="Append (3)" ToolSource="c:\program files (x86)\arcgis\desktop10.4\ArcToolbox\Toolboxes\Data Management Tools.tbx\Append" Date="20170323" Time="175449">Append ConsumerWireline_Layer C:\Users\sikorc\Desktop\WiFixedJun2016Processing1\ConsumerProviderDissolve.gdb\DbpmBbCovConWireline NO_TEST "MapDisplayName "Provider Name" true true false 250 Text 0 0 ,First,#,ConsumerWireline_Layer,ConsumerWireline.MapDisplayName,-1,-1;ConnectionTechType "Connection Type" true true false 100 Text 0 0 ,First,#,ConsumerWireline_Layer,ConsumerWireline.ConnectionTechType,-1,-1;AdvertisedDlSpeed "Advertised Download Speed" true true false 100 Text 0 0 ,First,#,ConsumerWireline_Layer,ConsumerWireline.AdvertisedDlSpeed,-1,-1;AdvertisedUlSpeed "Advertised Upload Speed" true true false 100 Text 0 0 ,First,#,ConsumerWireline_Layer,ConsumerWireline.AdvertisedUlSpeed,-1,-1;CovDataLastUpdated "Coverage Data Last Updated" true true false 50 Text 0 0 ,First,#,ConsumerWireline_Layer,ConsumerWireline.FIRST_CovDataLastUpdated,-1,-1;CoverageDataSource "Coverage Data Source" true true false 100 Text 0 0 ,First,#,ConsumerWireline_Layer,ConsumerWireline.FIRST_CoverageDataSource,-1,-1;CafAwardStatus "Within CAF-II Subsidized Area?" true true false 100 Text 0 0 ,First,#,ConsumerWireline_Layer,ConsumerWireline.CafAwardStatus,-1,-1;AcamAwardStatus "Within ACAM Subsidized Area?" true true false 100 Text 0 0 ,First,#,ConsumerWireline_Layer,ConsumerWireline.AcamAwardStatus,-1,-1;ProviderWebsite "Provider Website" true true false 250 Text 0 0 ,First,#,ConsumerWireline_Layer,ConsumerWireline.ProviderWebsite,-1,-1;Disclaimer "Data submitted by provider" true true false 100 Text 0 0 ,First,#,ConsumerWireline_Layer,ConsumerWireline.Disclaimer,-1,-1;ConnectionTechTypeNum "Connection Type Numeric" true true false 4 Long 0 0 ,First,#,ConsumerWireline_Layer,ConsumerWireline.ConnectionTechTypeNum,-1,-1;AdvertisedDlSpeedNum "Advertised Download Speed Numeric" true true false 8 Double 0 0 ,First,#,ConsumerWireline_Layer,ConsumerWireline.AdvertisedDlSpeedNum,-1,-1;AdvertisedUlSpeedNum "Advertised Upload Speed Numeric" true true false 8 Double 0 0 ,First,#,ConsumerWireline_Layer,ConsumerWireline.AdvertisedUlSpeedNum,-1,-1;SHAPE_Length "SHAPE_Length" false true true 8 Double 0 0 ,First,#;SHAPE_Area "SHAPE_Area" false true true 8 Double 0 0 ,First,#" #</Process><Process ToolSource="c:\program files (x86)\arcgis\desktop10.4\ArcToolbox\Toolboxes\Data Management Tools.tbx\DeleteFeatures" Date="20170323" Time="180333">DeleteFeatures C:\Users\sikorc\Desktop\WiFixedJun2016Processing1\ConsumerProviderDissolve.gdb\DbpmBbCovConWireline</Process><Process Name="Append (3)" ToolSource="c:\program files (x86)\arcgis\desktop10.4\ArcToolbox\Toolboxes\Data Management Tools.tbx\Append" Date="20170323" Time="180429">Append ConsumerWireline_Layer C:\Users\sikorc\Desktop\WiFixedJun2016Processing1\ConsumerProviderDissolve.gdb\DbpmBbCovConWireline NO_TEST "MapDisplayName "Provider Name" true true false 250 Text 0 0 ,First,#,ConsumerWireline_Layer,ConsumerWireline.MapDisplayName,-1,-1;ConnectionTechType "Connection Type" true true false 100 Text 0 0 ,First,#,ConsumerWireline_Layer,ConsumerWireline.ConnectionTechType,-1,-1;AdvertisedDlSpeed "Advertised Download Speed" true true false 100 Text 0 0 ,First,#,ConsumerWireline_Layer,ConsumerWireline.AdvertisedDlSpeed,-1,-1;AdvertisedUlSpeed "Advertised Upload Speed" true true false 100 Text 0 0 ,First,#,ConsumerWireline_Layer,ConsumerWireline.AdvertisedUlSpeed,-1,-1;CovDataLastUpdated "Coverage Data Last Updated" true true false 50 Text 0 0 ,First,#,ConsumerWireline_Layer,ConsumerWireline.FIRST_CovDataLastUpdated,-1,-1;CoverageDataSource "Coverage Data Source" true true false 100 Text 0 0 ,First,#,ConsumerWireline_Layer,ConsumerWireline.FIRST_CoverageDataSource,-1,-1;CafAwardStatus "Within CAF-II Subsidized Area?" true true false 100 Text 0 0 ,First,#,ConsumerWireline_Layer,ConsumerWireline.CafAwardStatus,-1,-1;AcamAwardStatus "Within ACAM Subsidized Area?" true true false 100 Text 0 0 ,First,#,ConsumerWireline_Layer,ConsumerWireline.AcamAwardStatus,-1,-1;ProviderWebsite "Provider Website" true true false 250 Text 0 0 ,First,#,ConsumerWireline_Layer,ConsumerWireline.ProviderWebsite,-1,-1;Disclaimer "Data submitted by provider" true true false 100 Text 0 0 ,First,#,ConsumerWireline_Layer,ConsumerWireline.Disclaimer,-1,-1;ConnectionTechTypeNum "Connection Type Numeric" true true false 4 Long 0 0 ,First,#,ConsumerWireline_Layer,ConsumerWireline.ConnectionTechTypeNum,-1,-1;AdvertisedDlSpeedNum "Advertised Download Speed Numeric" true true false 8 Double 0 0 ,First,#,ConsumerWireline_Layer,ConsumerWireline.AdvertisedDlSpeedNum,-1,-1;AdvertisedUlSpeedNum "Advertised Upload Speed Numeric" true true false 8 Double 0 0 ,First,#,ConsumerWireline_Layer,ConsumerWireline.AdvertisedUlSpeedNum,-1,-1;SHAPE_Length "SHAPE_Length" false true true 8 Double 0 0 ,First,#;SHAPE_Area "SHAPE_Area" false true true 8 Double 0 0 ,First,#" #</Process><Process ToolSource="c:\program files (x86)\arcgis\desktop10.4\ArcToolbox\Toolboxes\Data Management Tools.tbx\DeleteFeatures" Date="20170323" Time="180706">DeleteFeatures C:\Users\sikorc\Desktop\WiFixedJun2016Processing1\ConsumerProviderDissolve.gdb\DbpmBbCovConWireline</Process><Process ToolSource="c:\program files (x86)\arcgis\desktop10.4\ArcToolbox\Toolboxes\Data Management Tools.tbx\Append" Date="20170323" Time="180800">Append ConsumerWireline DbpmBbCovConWireline NO_TEST "MapDisplayName "Provider Name" true true false 250 Text 0 0 ,First,#,ConsumerWireline,MapDisplayName,-1,-1;ConnectionTechType "Connection Type" true true false 100 Text 0 0 ,First,#,ConsumerWireline,ConnectionTechType,-1,-1;AdvertisedDlSpeed "Advertised Download Speed" true true false 100 Text 0 0 ,First,#,ConsumerWireline,AdvertisedDlSpeed,-1,-1;AdvertisedUlSpeed "Advertised Upload Speed" true true false 100 Text 0 0 ,First,#,ConsumerWireline,AdvertisedUlSpeed,-1,-1;CovDataLastUpdated "Coverage Data Last Updated" true true false 50 Text 0 0 ,First,#,ConsumerWireline,CovDataLastUpdated,-1,-1;CoverageDataSource "Coverage Data Source" true true false 100 Text 0 0 ,First,#,ConsumerWireline,CoverageDataSource,-1,-1;CafAwardStatus "Within CAF-II Subsidized Area?" true true false 100 Text 0 0 ,First,#,ConsumerWireline,CafAwardStatus,-1,-1;AcamAwardStatus "Within ACAM Subsidized Area?" true true false 100 Text 0 0 ,First,#,ConsumerWireline,AcamAwardStatus,-1,-1;ProviderWebsite "Provider Website" true true false 250 Text 0 0 ,First,#,ConsumerWireline,ProviderWebsite,-1,-1;Disclaimer "Data submitted by provider" true true false 100 Text 0 0 ,First,#,ConsumerWireline,Disclaimer,-1,-1;ConnectionTechTypeNum "Connection Type Numeric" true true false 4 Long 0 0 ,First,#,ConsumerWireline,ConnectionTechTypeNum,-1,-1;AdvertisedDlSpeedNum "Advertised Download Speed Numeric" true true false 8 Double 0 0 ,First,#,ConsumerWireline,AdvertisedDlSpeedNum,-1,-1;AdvertisedUlSpeedNum "Advertised Upload Speed Numeric" true true false 8 Double 0 0 ,First,#,ConsumerWireline,AdvertisedUlSpeedNum,-1,-1;SHAPE_Length "SHAPE_Length" false true true 8 Double 0 0 ,First,#,ConsumerWireline,Shape_Length,-1,-1;SHAPE_Area "SHAPE_Area" false true true 8 Double 0 0 ,First,#,ConsumerWireline,Shape_Area,-1,-1" #</Process><Process ToolSource="c:\program files (x86)\arcgis\desktop10.4\ArcToolbox\Toolboxes\Data Management Tools.tbx\CalculateField" Date="20170331" Time="143148">CalculateField DbpmBbCovConWireline MapDisplayName "Citizens Telephone Cooperative, Inc." PYTHON_9.3 #</Process><Process ToolSource="c:\program files (x86)\arcgis\desktop10.4\ArcToolbox\Toolboxes\Data Management Tools.tbx\CalculateField" Date="20170331" Time="144516">CalculateField DbpmBbCovConWireline MapDisplayName "Global Capacity LLC" PYTHON_9.3 #</Process><Process ToolSource="c:\program files (x86)\arcgis\desktop10.4\ArcToolbox\Toolboxes\Data Management Tools.tbx\CalculateField" Date="20170331" Time="144548">CalculateField DbpmBbCovConWireline ProviderWebsite "https://globalcapacity.com/" PYTHON_9.3 #</Process><Process ToolSource="c:\program files (x86)\arcgis\desktop10.4\ArcToolbox\Toolboxes\Data Management Tools.tbx\CopyFeatures" Date="20170403" Time="163102">CopyFeatures C:\Users\sikorc\Desktop\WiFixedJun2016Processing1\ConsumerProviderDissolve.gdb\DbpmBbCovConWireline M:\Broadband\coverage_data\06302016\Coverage\Coverage.gdb\DbpmBbCovConWireline # 0 0 0</Process><Process ToolSource="c:\program files (x86)\arcgis\desktop10.5\ArcToolbox\Toolboxes\Data Management Tools.tbx\DeleteFeatures" Date="20171214" Time="134352">DeleteFeatures C:\Users\sikorc\Desktop\WI-Fixed-Dec2016\ProcessingData\Model7Output.gdb\DbpmBbCovConWireline</Process><Process Name="Append (4)" ToolSource="c:\program files (x86)\arcgis\desktop10.5\ArcToolbox\Toolboxes\Data Management Tools.tbx\Append" Date="20171214" Time="135648">Append C:\Users\sikorc\Desktop\WI-Fixed-Dec2016\ProcessingData\Model5OutputAppend.gdb\ConsumerWireline C:\Users\sikorc\Desktop\WI-Fixed-Dec2016\ProcessingData\Model7Output.gdb\DbpmBbCovConWireline NO_TEST "MapDisplayName "Provider Name" true true false 250 Text 0 0 ,First,#,C:\Users\sikorc\Desktop\WI-Fixed-Dec2016\ProcessingData\Model5OutputAppend.gdb\ConsumerWireline,MapDisplayName,-1,-1;ConnectionTechType "Connection Type" true true false 100 Text 0 0 ,First,#,C:\Users\sikorc\Desktop\WI-Fixed-Dec2016\ProcessingData\Model5OutputAppend.gdb\ConsumerWireline,ConnectionTechType,-1,-1;AdvertisedDlSpeed "Advertised Download Speed" true true false 100 Text 0 0 ,First,#,C:\Users\sikorc\Desktop\WI-Fixed-Dec2016\ProcessingData\Model5OutputAppend.gdb\ConsumerWireline,AdvertisedDlSpeed,-1,-1;AdvertisedUlSpeed "Advertised Upload Speed" true true false 100 Text 0 0 ,First,#,C:\Users\sikorc\Desktop\WI-Fixed-Dec2016\ProcessingData\Model5OutputAppend.gdb\ConsumerWireline,AdvertisedUlSpeed,-1,-1;CovDataLastUpdated "Coverage Data Last Updated" true true false 50 Text 0 0 ,First,#,C:\Users\sikorc\Desktop\WI-Fixed-Dec2016\ProcessingData\Model5OutputAppend.gdb\ConsumerWireline,CovDataLastUpdated,-1,-1;CoverageDataSource "Coverage Data Source" true true false 100 Text 0 0 ,First,#,C:\Users\sikorc\Desktop\WI-Fixed-Dec2016\ProcessingData\Model5OutputAppend.gdb\ConsumerWireline,CoverageDataSource,-1,-1;CafAwardStatus "Within CAF-II Subsidized Area?" true true false 100 Text 0 0 ,First,#,C:\Users\sikorc\Desktop\WI-Fixed-Dec2016\ProcessingData\Model5OutputAppend.gdb\ConsumerWireline,CafAwardStatus,-1,-1;AcamAwardStatus "Within ACAM Subsidized Area?" true true false 100 Text 0 0 ,First,#,C:\Users\sikorc\Desktop\WI-Fixed-Dec2016\ProcessingData\Model5OutputAppend.gdb\ConsumerWireline,AcamAwardStatus,-1,-1;ProviderWebsite "Provider Website" true true false 250 Text 0 0 ,First,#,C:\Users\sikorc\Desktop\WI-Fixed-Dec2016\ProcessingData\Model5OutputAppend.gdb\ConsumerWireline,ProviderWebsite,-1,-1;Disclaimer "Data submitted by provider" true true false 100 Text 0 0 ,First,#,C:\Users\sikorc\Desktop\WI-Fixed-Dec2016\ProcessingData\Model5OutputAppend.gdb\ConsumerWireline,Disclaimer,-1,-1;ConnectionTechTypeNum "Connection Type Numeric" true true false 4 Long 0 0 ,First,#,C:\Users\sikorc\Desktop\WI-Fixed-Dec2016\ProcessingData\Model5OutputAppend.gdb\ConsumerWireline,ConnectionTechTypeNum,-1,-1;AdvertisedDlSpeedNum "Advertised Download Speed Numeric" true true false 8 Double 0 0 ,First,#,C:\Users\sikorc\Desktop\WI-Fixed-Dec2016\ProcessingData\Model5OutputAppend.gdb\ConsumerWireline,AdvertisedDlSpeedNum,-1,-1;AdvertisedUlSpeedNum "Advertised Upload Speed Numeric" true true false 8 Double 0 0 ,First,#,C:\Users\sikorc\Desktop\WI-Fixed-Dec2016\ProcessingData\Model5OutputAppend.gdb\ConsumerWireline,AdvertisedUlSpeedNum,-1,-1;SHAPE_Length "SHAPE_Length" false true true 8 Double 0 0 ,First,#,C:\Users\sikorc\Desktop\WI-Fixed-Dec2016\ProcessingData\Model5OutputAppend.gdb\ConsumerWireline,Shape_Length,-1,-1;SHAPE_Area "SHAPE_Area" false true true 8 Double 0 0 ,First,#,C:\Users\sikorc\Desktop\WI-Fixed-Dec2016\ProcessingData\Model5OutputAppend.gdb\ConsumerWireline,Shape_Area,-1,-1" #</Process><Process ToolSource="c:\program files (x86)\arcgis\desktop10.5\ArcToolbox\Toolboxes\Data Management Tools.tbx\Project" Date="20180710" Time="115108">Project DbpmBbCovConWireline E:\2providers\programs.gdb\wireline GEOGCS['GCS_WGS_1984',DATUM['D_WGS_1984',SPHEROID['WGS_1984',6378137.0,298.257223563]],PRIMEM['Greenwich',0.0],UNIT['Degree',0.0174532925199433]] NAD_1983_HARN_To_WGS_1984_2 PROJCS['NAD_1983_HARN_Wisconsin_TM',GEOGCS['GCS_North_American_1983_HARN',DATUM['D_North_American_1983_HARN',SPHEROID['GRS_1980',6378137.0,298.257222101]],PRIMEM['Greenwich',0.0],UNIT['Degree',0.0174532925199433]],PROJECTION['Transverse_Mercator'],PARAMETER['False_Easting',520000.0],PARAMETER['False_Northing',-4480000.0],PARAMETER['Central_Meridian',-90.0],PARAMETER['Scale_Factor',0.9996],PARAMETER['Latitude_Of_Origin',0.0],UNIT['Meter',1.0]] NO_PRESERVE_SHAPE # NO_VERTICAL</Process><Process ToolSource="c:\program files (x86)\arcgis\desktop10.5\ArcToolbox\Toolboxes\Data Management Tools.tbx\Dissolve" Date="20180710" Time="115218">Dissolve wireline E:\2providers\programs.gdb\wireline_dissolve MapDisplayName # MULTI_PART DISSOLVE_LINES</Process><Process ToolSource="c:\program files (x86)\arcgis\desktop10.5\ArcToolbox\Toolboxes\Analysis Tools.tbx\Union" Date="20180710" Time="115602">Union "Norvado #;Charter #" E:\2providers\programs.gdb\Union ALL # GAPS</Process><Process ToolSource="c:\program files (x86)\arcgis\desktop10.5\ArcToolbox\Toolboxes\Data Management Tools.tbx\CalculateField" Date="20180710" Time="120828">CalculateField Union MapDisplayName "http://norvado.com/" VB #</Process><Process ToolSource="c:\program files (x86)\arcgis\desktop10.5\ArcToolbox\Toolboxes\Data Management Tools.tbx\CalculateField" Date="20180710" Time="120841">CalculateField Union MapDisplayName "http://norvado.com/" VB #</Process><Process ToolSource="c:\program files (x86)\arcgis\desktop10.5\ArcToolbox\Toolboxes\Data Management Tools.tbx\CalculateField" Date="20180710" Time="121015">CalculateField Union Norvado "http://norvado.com/" VB #</Process><Process ToolSource="c:\program files (x86)\arcgis\desktop10.5\ArcToolbox\Toolboxes\Data Management Tools.tbx\CalculateField" Date="20180710" Time="121033">CalculateField Union Charter "https://www.spectrum.com/" VB #</Process><Process ToolSource="c:\program files (x86)\arcgis\desktop10.5\ArcToolbox\Toolboxes\Data Management Tools.tbx\CalculateField" Date="20180710" Time="121103">CalculateField Union Charter "No program available" VB #</Process><Process ToolSource="c:\program files (x86)\arcgis\desktop10.5\ArcToolbox\Toolboxes\Data Management Tools.tbx\CalculateField" Date="20180710" Time="121112">CalculateField Union Norvado "No program available" VB #</Process></lineage><itemProps><itemName Sync="TRUE">Union</itemName><imsContentType Sync="TRUE">002</imsContentType><itemLocation><linkage Sync="TRUE">file://\\NOONEMAIO1\E$\2providers\programs.gdb</linkage><protocol Sync="TRUE">Local Area Network</protocol></itemLocation></itemProps><coordRef><type Sync="TRUE">Geographic</type><geogcsn Sync="TRUE">GCS_WGS_1984</geogcsn><csUnits Sync="TRUE">Angular Unit: Degree (0.017453)</csUnits><peXml Sync="TRUE">&lt;GeographicCoordinateSystem xsi:type='typens:GeographicCoordinateSystem' xmlns:xsi='http://www.w3.org/2001/XMLSchema-instance' xmlns:xs='http://www.w3.org/2001/XMLSchema' xmlns:typens='http://www.esri.com/schemas/ArcGIS/10.5'&gt;&lt;WKT&gt;GEOGCS[&amp;quot;GCS_WGS_1984&amp;quot;,DATUM[&amp;quot;D_WGS_1984&amp;quot;,SPHEROID[&amp;quot;WGS_1984&amp;quot;,6378137.0,298.257223563]],PRIMEM[&amp;quot;Greenwich&amp;quot;,0.0],UNIT[&amp;quot;Degree&amp;quot;,0.0174532925199433],AUTHORITY[&amp;quot;EPSG&amp;quot;,4326]]&lt;/WKT&gt;&lt;XOrigin&gt;-400&lt;/XOrigin&gt;&lt;YOrigin&gt;-400&lt;/YOrigin&gt;&lt;XYScale&gt;999999999.99999988&lt;/XYScale&gt;&lt;ZOrigin&gt;-100000&lt;/ZOrigin&gt;&lt;ZScale&gt;10000&lt;/ZScale&gt;&lt;MOrigin&gt;-100000&lt;/MOrigin&gt;&lt;MScale&gt;10000&lt;/MScale&gt;&lt;XYTolerance&gt;8.983152841195215e-009&lt;/XYTolerance&gt;&lt;ZTolerance&gt;0.001&lt;/ZTolerance&gt;&lt;MTolerance&gt;0.001&lt;/MTolerance&gt;&lt;HighPrecision&gt;true&lt;/HighPrecision&gt;&lt;LeftLongitude&gt;-180&lt;/LeftLongitude&gt;&lt;WKID&gt;4326&lt;/WKID&gt;&lt;LatestWKID&gt;4326&lt;/LatestWKID&gt;&lt;/GeographicCoordinateSystem&gt;</peXml></coordRef></DataProperties><SyncDate>20180710</SyncDate><SyncTime>11555900</SyncTime><ModDate>20180710</ModDate><ModTime>11555900</ModTime></Esri><dataIdInfo><envirDesc Sync="TRUE"> Version 6.2 (Build 9200) ; Esri ArcGIS 10.5.1.7333</envirDesc><dataLang><languageCode value="eng" Sync="TRUE"></languageCode><countryCode value="USA" Sync="TRUE"></countryCode></dataLang><idCitation><resTitle Sync="TRUE">Union</resTitle><presForm><PresFormCd value="005" Sync="TRUE"></PresFormCd></presForm></idCitation><spatRpType><SpatRepTypCd value="001" Sync="TRUE"></SpatRepTypCd></spatRpType></dataIdInfo><mdLang><languageCode value="eng" Sync="TRUE"></languageCode><countryCode value="USA" Sync="TRUE"></countryCode></mdLang><distInfo><distFormat><formatName Sync="TRUE">File Geodatabase Feature Class</formatName></distFormat></distInfo><mdHrLv><ScopeCd value="005" Sync="TRUE"></ScopeCd></mdHrLv><mdHrLvName Sync="TRUE">dataset</mdHrLvName><refSysInfo><RefSystem><refSysID><identCode code="4326" Sync="TRUE"></identCode><idCodeSpace Sync="TRUE">EPSG</idCodeSpace><idVersion Sync="TRUE">6.14(3.0.1)</idVersion></refSysID></RefSystem></refSysInfo><spatRepInfo><VectSpatRep><geometObjs Name="Union"><geoObjTyp><GeoObjTypCd value="002" Sync="TRUE"></GeoObjTypCd></geoObjTyp><geoObjCnt Sync="TRUE">0</geoObjCnt></geometObjs><topLvl><TopoLevCd value="001" Sync="TRUE"></TopoLevCd></topLvl></VectSpatRep></spatRepInfo><spdoinfo><ptvctinf><esriterm Name="Union"><efeatyp Sync="TRUE">Simple</efeatyp><efeageom code="4" Sync="TRUE"></efeageom><esritopo Sync="TRUE">FALSE</esritopo><efeacnt Sync="TRUE">0</efeacnt><spindex Sync="TRUE">TRUE</spindex><linrefer Sync="TRUE">FALSE</linrefer></esriterm></ptvctinf></spdoinfo><eainfo><detailed Name="Union"><enttyp><enttypl Sync="TRUE">Union</enttypl><enttypt Sync="TRUE">Feature Class</enttypt><enttypc Sync="TRUE">0</enttypc></enttyp><attr><attrlabl Sync="TRUE">OBJECTID</attrlabl><attalias Sync="TRUE">OBJECTID</attalias><attrtype Sync="TRUE">OID</attrtype><attwidth Sync="TRUE">4</attwidth><atprecis Sync="TRUE">0</atprecis><attscale Sync="TRUE">0</attscale><attrdef Sync="TRUE">Internal feature number.</attrdef><attrdefs Sync="TRUE">Esri</attrdefs><attrdomv><udom Sync="TRUE">Sequential unique whole numbers that are automatically generated.</udom></attrdomv></attr><attr><attrlabl Sync="TRUE">SHAPE</attrlabl><attalias Sync="TRUE">SHAPE</attalias><attrtype Sync="TRUE">Geometry</attrtype><attwidth Sync="TRUE">0</attwidth><atprecis Sync="TRUE">0</atprecis><attscale Sync="TRUE">0</attscale><attrdef Sync="TRUE">Feature geometry.</attrdef><attrdefs Sync="TRUE">Esri</attrdefs><attrdomv><udom Sync="TRUE">Coordinates defining the features.</udom></attrdomv></attr><attr><attrlabl Sync="TRUE">FID_Norvado</attrlabl><attalias Sync="TRUE">FID_Norvado</attalias><attrtype Sync="TRUE">Integer</attrtype><attwidth Sync="TRUE">4</attwidth><atprecis Sync="TRUE">0</atprecis><attscale Sync="TRUE">0</attscale></attr><attr><attrlabl Sync="TRUE">MapDisplayName</attrlabl><attalias Sync="TRUE">Provider Name</attalias><attrtype Sync="TRUE">String</attrtype><attwidth Sync="TRUE">250</attwidth><atprecis Sync="TRUE">0</atprecis><attscale Sync="TRUE">0</attscale></attr><attr><attrlabl Sync="TRUE">FID_Charter</attrlabl><attalias Sync="TRUE">FID_Charter</attalias><attrtype Sync="TRUE">Integer</attrtype><attwidth Sync="TRUE">4</attwidth><atprecis Sync="TRUE">0</atprecis><attscale Sync="TRUE">0</attscale></attr><attr><attrlabl Sync="TRUE">MapDisplayName_1</attrlabl><attalias Sync="TRUE">Provider Name</attalias><attrtype Sync="TRUE">String</attrtype><attwidth Sync="TRUE">250</attwidth><atprecis Sync="TRUE">0</atprecis><attscale Sync="TRUE">0</attscale></attr><attr><attrlabl Sync="TRUE">SHAPE_Length</attrlabl><attalias Sync="TRUE">SHAPE_Length</attalias><attrtype Sync="TRUE">Double</attrtype><attwidth Sync="TRUE">8</attwidth><atprecis Sync="TRUE">0</atprecis><attscale Sync="TRUE">0</attscale><attrdef Sync="TRUE">Length of feature in internal units.</attrdef><attrdefs Sync="TRUE">Esri</attrdefs><attrdomv><udom Sync="TRUE">Positive real numbers that are automatically generated.</udom></attrdomv></attr><attr><attrlabl Sync="TRUE">SHAPE_Area</attrlabl><attalias Sync="TRUE">SHAPE_Area</attalias><attrtype Sync="TRUE">Double</attrtype><attwidth Sync="TRUE">8</attwidth><atprecis Sync="TRUE">0</atprecis><attscale Sync="TRUE">0</attscale><attrdef Sync="TRUE">Area of feature in internal units squared.</attrdef><attrdefs Sync="TRUE">Esri</attrdefs><attrdomv><udom Sync="TRUE">Positive real numbers that are automatically generated.</udom></attrdomv></attr></detailed></eainfo><mdDateSt Sync="TRUE">20180710</mdDateSt></metadata>
